{
    "rmse": 0.6500873211443845,
    "mae": 0.5232998222574792,
    "r2": 0.3098426739675516
}